Symbol,Current Value,Forecasted Value,Expected Growth (%),PE Ratio,Market Cap,Type,Country,Volume,Forecast Reason,Reason
IVV,559.7899780273438,710.1455827631113,26.85928841841881,28.069155,,ETF,,1041845.0,Forecasted to reach 710.15 in 3 years based on historical performance. Expected growth of 26.86%.,"Selected based on forecasted value of 710.15. Current Value: 559.79, Expected Growth: 26.86%. PE Ratio: 28.069155, Market Cap: nan. Forecasted to reach 710.15 in 3 years based on historical performance. Expected growth of 26.86%."
SPY,556.6500244140625,709.3561445684101,27.43305729934857,28.0329,,ETF,,8143077.0,Forecasted to reach 709.36 in 3 years based on historical performance. Expected growth of 27.43%.,"Selected based on forecasted value of 709.36. Current Value: 556.65, Expected Growth: 27.43%. PE Ratio: 28.0329, Market Cap: nan. Forecasted to reach 709.36 in 3 years based on historical performance. Expected growth of 27.43%."
VOO,511.55999755859375,647.175333023576,26.51015249671646,27.857634,,ETF,,1388796.0,Forecasted to reach 647.18 in 3 years based on historical performance. Expected growth of 26.51%.,"Selected based on forecasted value of 647.18. Current Value: 511.56, Expected Growth: 26.51%. PE Ratio: 27.857634, Market Cap: nan. Forecasted to reach 647.18 in 3 years based on historical performance. Expected growth of 26.51%."
DIA,408.6600036621094,499.3583112437984,22.194074969147394,24.187664,,ETF,,903838.0,Forecasted to reach 499.36 in 3 years based on historical performance. Expected growth of 22.19%.,"Selected based on forecasted value of 499.36. Current Value: 408.66, Expected Growth: 22.19%. PE Ratio: 24.187664, Market Cap: nan. Forecasted to reach 499.36 in 3 years based on historical performance. Expected growth of 22.19%."
MDY,554.8499755859375,447.1565242824332,-19.4094721171749,15.903044,,ETF,,237672.0,Forecasted to reach 447.16 in 3 years based on historical performance. Expected growth of -19.41%.,"Selected based on forecasted value of 447.16. Current Value: 554.85, Expected Growth: -19.41%. PE Ratio: 15.903044, Market Cap: nan. Forecasted to reach 447.16 in 3 years based on historical performance. Expected growth of -19.41%."
SMH,246.39999389648438,376.52760627032455,52.81153230405856,21.322802,,ETF,,2344435.0,Forecasted to reach 376.53 in 3 years based on historical performance. Expected growth of 52.81%.,"Selected based on forecasted value of 376.53. Current Value: 246.40, Expected Growth: 52.81%. PE Ratio: 21.322802, Market Cap: nan. Forecasted to reach 376.53 in 3 years based on historical performance. Expected growth of 52.81%."
IWB,304.7799987792969,375.56186638139684,23.223921479623037,27.25825,,ETF,,168046.0,Forecasted to reach 375.56 in 3 years based on historical performance. Expected growth of 23.22%.,"Selected based on forecasted value of 375.56. Current Value: 304.78, Expected Growth: 23.22%. PE Ratio: 27.25825, Market Cap: nan. Forecasted to reach 375.56 in 3 years based on historical performance. Expected growth of 23.22%."
VTI,274.3799133300781,337.53684668349416,23.018060100280906,25.793825,,ETF,,1212184.0,Forecasted to reach 337.54 in 3 years based on historical performance. Expected growth of 23.02%.,"Selected based on forecasted value of 337.54. Current Value: 274.38, Expected Growth: 23.02%. PE Ratio: 25.793825, Market Cap: nan. Forecasted to reach 337.54 in 3 years based on historical performance. Expected growth of 23.02%."
VHT,281.8399963378906,329.3758969350057,16.86627207450199,25.53949,,ETF,,32957.0,Forecasted to reach 329.38 in 3 years based on historical performance. Expected growth of 16.87%.,"Selected based on forecasted value of 329.38. Current Value: 281.84, Expected Growth: 16.87%. PE Ratio: 25.53949, Market Cap: nan. Forecasted to reach 329.38 in 3 years based on historical performance. Expected growth of 16.87%."
VV,255.27239990234375,324.133811860985,26.97565893727042,28.23748,,ETF,,47127.0,Forecasted to reach 324.13 in 3 years based on historical performance. Expected growth of 26.98%.,"Selected based on forecasted value of 324.13. Current Value: 255.27, Expected Growth: 26.98%. PE Ratio: 28.23748, Market Cap: nan. Forecasted to reach 324.13 in 3 years based on historical performance. Expected growth of 26.98%."
VPU,161.94000244140625,297.8228769615118,83.90939389374851,23.076105,,ETF,,59319.0,Forecasted to reach 297.82 in 3 years based on historical performance. Expected growth of 83.91%.,"Selected based on forecasted value of 297.82. Current Value: 161.94, Expected Growth: 83.91%. PE Ratio: 23.076105, Market Cap: nan. Forecasted to reach 297.82 in 3 years based on historical performance. Expected growth of 83.91%."
VDC,213.82229614257812,273.85789998327994,28.077335677225012,27.15697,,ETF,,26598.0,Forecasted to reach 273.86 in 3 years based on historical performance. Expected growth of 28.08%.,"Selected based on forecasted value of 273.86. Current Value: 213.82, Expected Growth: 28.08%. PE Ratio: 27.15697, Market Cap: nan. Forecasted to reach 273.86 in 3 years based on historical performance. Expected growth of 28.08%."
VIG,191.49099731445312,247.67234979468958,29.338900140553015,26.970207,,ETF,,226839.0,Forecasted to reach 247.67 in 3 years based on historical performance. Expected growth of 29.34%.,"Selected based on forecasted value of 247.67. Current Value: 191.49, Expected Growth: 29.34%. PE Ratio: 26.970207, Market Cap: nan. Forecasted to reach 247.67 in 3 years based on historical performance. Expected growth of 29.34%."
IWO,273.8800048828125,239.09625107495205,-12.700362636090826,17.110125,,ETF,,126331.0,Forecasted to reach 239.10 in 3 years based on historical performance. Expected growth of -12.70%.,"Selected based on forecasted value of 239.10. Current Value: 273.88, Expected Growth: -12.70%. PE Ratio: 17.110125, Market Cap: nan. Forecasted to reach 239.10 in 3 years based on historical performance. Expected growth of -12.70%."
VO,252.26919555664062,222.49772321815394,-11.801469566188972,20.490446,,ETF,,115048.0,Forecasted to reach 222.50 in 3 years based on historical performance. Expected growth of -11.80%.,"Selected based on forecasted value of 222.50. Current Value: 252.27, Expected Growth: -11.80%. PE Ratio: 20.490446, Market Cap: nan. Forecasted to reach 222.50 in 3 years based on historical performance. Expected growth of -11.80%."
QUAL,175.0299072265625,222.39721736350072,27.06240944047633,25.807396,,ETF,,124005.0,Forecasted to reach 222.40 in 3 years based on historical performance. Expected growth of 27.06%.,"Selected based on forecasted value of 222.40. Current Value: 175.03, Expected Growth: 27.06%. PE Ratio: 25.807396, Market Cap: nan. Forecasted to reach 222.40 in 3 years based on historical performance. Expected growth of 27.06%."
MTUM,195.3000030517578,217.8546147467664,11.548700124203908,20.382538,,ETF,,112104.0,Forecasted to reach 217.85 in 3 years based on historical performance. Expected growth of 11.55%.,"Selected based on forecasted value of 217.85. Current Value: 195.30, Expected Growth: 11.55%. PE Ratio: 20.382538, Market Cap: nan. Forecasted to reach 217.85 in 3 years based on historical performance. Expected growth of 11.55%."
VIS,245.05499267578125,212.19717118258728,-13.408346075473082,25.758825,,ETF,,19885.0,Forecasted to reach 212.20 in 3 years based on historical performance. Expected growth of -13.41%.,"Selected based on forecasted value of 212.20. Current Value: 245.05, Expected Growth: -13.41%. PE Ratio: 25.758825, Market Cap: nan. Forecasted to reach 212.20 in 3 years based on historical performance. Expected growth of -13.41%."
IBB,146.72999572753906,204.96055076564662,39.685515391300825,19.132036,,ETF,,280112.0,Forecasted to reach 204.96 in 3 years based on historical performance. Expected growth of 39.69%.,"Selected based on forecasted value of 204.96. Current Value: 146.73, Expected Growth: 39.69%. PE Ratio: 19.132036, Market Cap: nan. Forecasted to reach 204.96 in 3 years based on historical performance. Expected growth of 39.69%."
IVE,191.2617950439453,200.19665935758388,4.671536368037145,24.70684,,ETF,,166758.0,Forecasted to reach 200.20 in 3 years based on historical performance. Expected growth of 4.67%.,"Selected based on forecasted value of 200.20. Current Value: 191.26, Expected Growth: 4.67%. PE Ratio: 24.70684, Market Cap: nan. Forecasted to reach 200.20 in 3 years based on historical performance. Expected growth of 4.67%."
VTV,168.47000122070312,198.86488659929537,18.041719687989797,18.842228,,ETF,,406317.0,Forecasted to reach 198.86 in 3 years based on historical performance. Expected growth of 18.04%.,"Selected based on forecasted value of 198.86. Current Value: 168.47, Expected Growth: 18.04%. PE Ratio: 18.842228, Market Cap: nan. Forecasted to reach 198.86 in 3 years based on historical performance. Expected growth of 18.04%."
VBK,256.7666931152344,197.0667098886748,-23.25067262511606,25.00958,,ETF,,65839.0,Forecasted to reach 197.07 in 3 years based on historical performance. Expected growth of -23.25%.,"Selected based on forecasted value of 197.07. Current Value: 256.77, Expected Growth: -23.25%. PE Ratio: 25.00958, Market Cap: nan. Forecasted to reach 197.07 in 3 years based on historical performance. Expected growth of -23.25%."
URTH,151.65499877929688,192.95207423612243,27.230935867089407,22.756569,,ETF,,60859.0,Forecasted to reach 192.95 in 3 years based on historical performance. Expected growth of 27.23%.,"Selected based on forecasted value of 192.95. Current Value: 151.65, Expected Growth: 27.23%. PE Ratio: 22.756569, Market Cap: nan. Forecasted to reach 192.95 in 3 years based on historical performance. Expected growth of 27.23%."
VB,227.93699645996094,188.39471905960696,-17.347897890415485,15.04494,,ETF,,123616.0,Forecasted to reach 188.39 in 3 years based on historical performance. Expected growth of -17.35%.,"Selected based on forecasted value of 188.39. Current Value: 227.94, Expected Growth: -17.35%. PE Ratio: 15.04494, Market Cap: nan. Forecasted to reach 188.39 in 3 years based on historical performance. Expected growth of -17.35%."
VOOV,184.8249969482422,188.07447925587846,1.7581400575086958,24.284107,,ETF,,18314.0,Forecasted to reach 188.07 in 3 years based on historical performance. Expected growth of 1.76%.,"Selected based on forecasted value of 188.07. Current Value: 184.82, Expected Growth: 1.76%. PE Ratio: 24.284107, Market Cap: nan. Forecasted to reach 188.07 in 3 years based on historical performance. Expected growth of 1.76%."
IAI,124.9000015258789,183.55618100015184,46.962513016558724,21.409706,,ETF,,22110.0,Forecasted to reach 183.56 in 3 years based on historical performance. Expected growth of 46.96%.,"Selected based on forecasted value of 183.56. Current Value: 124.90, Expected Growth: 46.96%. PE Ratio: 21.409706, Market Cap: nan. Forecasted to reach 183.56 in 3 years based on historical performance. Expected growth of 46.96%."
BERZ,19.8700008392334,181.33035522350073,812.5835307740058,22.812288,,ETF,,88485.0,Forecasted to reach 181.33 in 3 years based on historical performance. Expected growth of 812.58%.,"Selected based on forecasted value of 181.33. Current Value: 19.87, Expected Growth: 812.58%. PE Ratio: 22.812288, Market Cap: nan. Forecasted to reach 181.33 in 3 years based on historical performance. Expected growth of 812.58%."
XLV,153.88499450683594,181.31243843421385,17.82333879614202,26.056063,,ETF,,1313066.0,Forecasted to reach 181.31 in 3 years based on historical performance. Expected growth of 17.82%.,"Selected based on forecasted value of 181.31. Current Value: 153.88, Expected Growth: 17.82%. PE Ratio: 26.056063, Market Cap: nan. Forecasted to reach 181.31 in 3 years based on historical performance. Expected growth of 17.82%."
IWD,183.5399932861328,179.7798649563125,-2.048669754476011,19.093784,,ETF,,423065.0,Forecasted to reach 179.78 in 3 years based on historical performance. Expected growth of -2.05%.,"Selected based on forecasted value of 179.78. Current Value: 183.54, Expected Growth: -2.05%. PE Ratio: 19.093784, Market Cap: nan. Forecasted to reach 179.78 in 3 years based on historical performance. Expected growth of -2.05%."
IWL,136.5,179.23254002430699,31.305890127697424,29.873962,,ETF,,20483.0,Forecasted to reach 179.23 in 3 years based on historical performance. Expected growth of 31.31%.,"Selected based on forecasted value of 179.23. Current Value: 136.50, Expected Growth: 31.31%. PE Ratio: 29.873962, Market Cap: nan. Forecasted to reach 179.23 in 3 years based on historical performance. Expected growth of 31.31%."
SMLV,120.95999908447266,178.5519918082699,47.61242820742562,15.928868,,ETF,,20001.0,Forecasted to reach 178.55 in 3 years based on historical performance. Expected growth of 47.61%.,"Selected based on forecasted value of 178.55. Current Value: 120.96, Expected Growth: 47.61%. PE Ratio: 15.928868, Market Cap: nan. Forecasted to reach 178.55 in 3 years based on historical performance. Expected growth of 47.61%."
IDU,95.2300033569336,168.8126111428993,77.26830325750296,26.672829,,ETF,,32488.0,Forecasted to reach 168.81 in 3 years based on historical performance. Expected growth of 77.27%.,"Selected based on forecasted value of 168.81. Current Value: 95.23, Expected Growth: 77.27%. PE Ratio: 26.672829, Market Cap: nan. Forecasted to reach 168.81 in 3 years based on historical performance. Expected growth of 77.27%."
ACWV,111.26499938964844,168.62933017561016,51.55649224880923,18.4685,,ETF,,27959.0,Forecasted to reach 168.63 in 3 years based on historical performance. Expected growth of 51.56%.,"Selected based on forecasted value of 168.63. Current Value: 111.26, Expected Growth: 51.56%. PE Ratio: 18.4685, Market Cap: nan. Forecasted to reach 168.63 in 3 years based on historical performance. Expected growth of 51.56%."
MGV,124.31600189208984,163.77018997736934,31.737014933545694,19.81416,,ETF,,53905.0,Forecasted to reach 163.77 in 3 years based on historical performance. Expected growth of 31.74%.,"Selected based on forecasted value of 163.77. Current Value: 124.32, Expected Growth: 31.74%. PE Ratio: 19.81416, Market Cap: nan. Forecasted to reach 163.77 in 3 years based on historical performance. Expected growth of 31.74%."
RSP,171.74000549316406,157.89672103764798,-8.06060557396867,21.843832,,ETF,,2850283.0,Forecasted to reach 157.90 in 3 years based on historical performance. Expected growth of -8.06%.,"Selected based on forecasted value of 157.90. Current Value: 171.74, Expected Growth: -8.06%. PE Ratio: 21.843832, Market Cap: nan. Forecasted to reach 157.90 in 3 years based on historical performance. Expected growth of -8.06%."
SDY,136.27999877929688,155.43142618496736,14.05299939625469,21.101723,,ETF,,53123.0,Forecasted to reach 155.43 in 3 years based on historical performance. Expected growth of 14.05%.,"Selected based on forecasted value of 155.43. Current Value: 136.28, Expected Growth: 14.05%. PE Ratio: 21.101723, Market Cap: nan. Forecasted to reach 155.43 in 3 years based on historical performance. Expected growth of 14.05%."
VXF,175.5399932861328,154.69282676937613,-11.876021028880578,16.023466,,ETF,,85428.0,Forecasted to reach 154.69 in 3 years based on historical performance. Expected growth of -11.88%.,"Selected based on forecasted value of 154.69. Current Value: 175.54, Expected Growth: -11.88%. PE Ratio: 16.023466, Market Cap: nan. Forecasted to reach 154.69 in 3 years based on historical performance. Expected growth of -11.88%."
NUGT,48.709999084472656,154.63062667133468,217.4515080634162,25.950026,,ETF,,925618.0,Forecasted to reach 154.63 in 3 years based on historical performance. Expected growth of 217.45%.,"Selected based on forecasted value of 154.63. Current Value: 48.71, Expected Growth: 217.45%. PE Ratio: 25.950026, Market Cap: nan. Forecasted to reach 154.63 in 3 years based on historical performance. Expected growth of 217.45%."
ESGU,122.12999725341797,154.038423158482,26.12660822292046,28.077908,,ETF,,56736.0,Forecasted to reach 154.04 in 3 years based on historical performance. Expected growth of 26.13%.,"Selected based on forecasted value of 154.04. Current Value: 122.13, Expected Growth: 26.13%. PE Ratio: 28.077908, Market Cap: nan. Forecasted to reach 154.04 in 3 years based on historical performance. Expected growth of 26.13%."
IJT,135.47000122070312,149.8576761605757,10.620561607903625,15.394228,,ETF,,35260.0,Forecasted to reach 149.86 in 3 years based on historical performance. Expected growth of 10.62%.,"Selected based on forecasted value of 149.86. Current Value: 135.47, Expected Growth: 10.62%. PE Ratio: 15.394228, Market Cap: nan. Forecasted to reach 149.86 in 3 years based on historical performance. Expected growth of 10.62%."
VOE,159.73170471191406,149.629207523226,-6.324666231358725,15.8694315,,ETF,,47031.0,Forecasted to reach 149.63 in 3 years based on historical performance. Expected growth of -6.32%.,"Selected based on forecasted value of 149.63. Current Value: 159.73, Expected Growth: -6.32%. PE Ratio: 15.8694315, Market Cap: nan. Forecasted to reach 149.63 in 3 years based on historical performance. Expected growth of -6.32%."
ITOT,121.86990356445312,149.62326333584826,22.772939798641318,26.27931,,ETF,,221133.0,Forecasted to reach 149.62 in 3 years based on historical performance. Expected growth of 22.77%.,"Selected based on forecasted value of 149.62. Current Value: 121.87, Expected Growth: 22.77%. PE Ratio: 26.27931, Market Cap: nan. Forecasted to reach 149.62 in 3 years based on historical performance. Expected growth of 22.77%."
VYM,124.24500274658203,144.59910964776913,16.3822338534634,17.017834,,ETF,,219827.0,Forecasted to reach 144.60 in 3 years based on historical performance. Expected growth of 16.38%.,"Selected based on forecasted value of 144.60. Current Value: 124.25, Expected Growth: 16.38%. PE Ratio: 17.017834, Market Cap: nan. Forecasted to reach 144.60 in 3 years based on historical performance. Expected growth of 16.38%."
ACWI,115.51000213623047,144.36002350383285,24.97621057402213,21.030918,,ETF,,619659.0,Forecasted to reach 144.36 in 3 years based on historical performance. Expected growth of 24.98%.,"Selected based on forecasted value of 144.36. Current Value: 115.51, Expected Growth: 24.98%. PE Ratio: 21.030918, Market Cap: nan. Forecasted to reach 144.36 in 3 years based on historical performance. Expected growth of 24.98%."
JNUG,45.59000015258789,141.83316674157282,211.1058702936235,28.260439,,ETF,,774943.0,Forecasted to reach 141.83 in 3 years based on historical performance. Expected growth of 211.11%.,"Selected based on forecasted value of 141.83. Current Value: 45.59, Expected Growth: 211.11%. PE Ratio: 28.260439, Market Cap: nan. Forecasted to reach 141.83 in 3 years based on historical performance. Expected growth of 211.11%."
VT,115.92680358886719,141.71287910150144,22.24341111317467,19.507069,,ETF,,339773.0,Forecasted to reach 141.71 in 3 years based on historical performance. Expected growth of 22.24%.,"Selected based on forecasted value of 141.71. Current Value: 115.93, Expected Growth: 22.24%. PE Ratio: 19.507069, Market Cap: nan. Forecasted to reach 141.71 in 3 years based on historical performance. Expected growth of 22.24%."
USMV,89.20999908447266,139.35202682386438,56.20673495569976,28.054966,,ETF,,703888.0,Forecasted to reach 139.35 in 3 years based on historical performance. Expected growth of 56.21%.,"Selected based on forecasted value of 139.35. Current Value: 89.21, Expected Growth: 56.21%. PE Ratio: 28.054966, Market Cap: nan. Forecasted to reach 139.35 in 3 years based on historical performance. Expected growth of 56.21%."
IOO,97.42410278320312,138.2628113716411,41.91848569477304,24.418129,,ETF,,29631.0,Forecasted to reach 138.26 in 3 years based on historical performance. Expected growth of 41.92%.,"Selected based on forecasted value of 138.26. Current Value: 97.42, Expected Growth: 41.92%. PE Ratio: 24.418129, Market Cap: nan. Forecasted to reach 138.26 in 3 years based on historical performance. Expected growth of 41.92%."
XLU,74.80500030517578,136.49796546655,82.47171300005417,26.292059,,ETF,,1735637.0,Forecasted to reach 136.50 in 3 years based on historical performance. Expected growth of 82.47%.,"Selected based on forecasted value of 136.50. Current Value: 74.81, Expected Growth: 82.47%. PE Ratio: 26.292059, Market Cap: nan. Forecasted to reach 136.50 in 3 years based on historical performance. Expected growth of 82.47%."
BKLC,105.74800109863281,136.2941092228088,28.885754630657416,29.770218,,ETF,,26848.0,Forecasted to reach 136.29 in 3 years based on historical performance. Expected growth of 28.89%.,"Selected based on forecasted value of 136.29. Current Value: 105.75, Expected Growth: 28.89%. PE Ratio: 29.770218, Market Cap: nan. Forecasted to reach 136.29 in 3 years based on historical performance. Expected growth of 28.89%."
GSLC,109.30500030517578,135.84710633095597,24.28260916854265,25.25893,,ETF,,50293.0,Forecasted to reach 135.85 in 3 years based on historical performance. Expected growth of 24.28%.,"Selected based on forecasted value of 135.85. Current Value: 109.31, Expected Growth: 24.28%. PE Ratio: 25.25893, Market Cap: nan. Forecasted to reach 135.85 in 3 years based on historical performance. Expected growth of 24.28%."
IXJ,98.87999725341797,127.83662284133078,29.28461406982075,27.173433,,ETF,,28244.0,Forecasted to reach 127.84 in 3 years based on historical performance. Expected growth of 29.28%.,"Selected based on forecasted value of 127.84. Current Value: 98.88, Expected Growth: 29.28%. PE Ratio: 27.173433, Market Cap: nan. Forecasted to reach 127.84 in 3 years based on historical performance. Expected growth of 29.28%."
FTCS,88.22000122070312,127.24802405172608,44.239426763762054,22.806335,,ETF,,41481.0,Forecasted to reach 127.25 in 3 years based on historical performance. Expected growth of 44.24%.,"Selected based on forecasted value of 127.25. Current Value: 88.22, Expected Growth: 44.24%. PE Ratio: 22.806335, Market Cap: nan. Forecasted to reach 127.25 in 3 years based on historical performance. Expected growth of 44.24%."
ESGV,98.58000183105469,127.12089156232146,28.952007710630635,29.005562,,ETF,,44982.0,Forecasted to reach 127.12 in 3 years based on historical performance. Expected growth of 28.95%.,"Selected based on forecasted value of 127.12. Current Value: 98.58, Expected Growth: 28.95%. PE Ratio: 29.005562, Market Cap: nan. Forecasted to reach 127.12 in 3 years based on historical performance. Expected growth of 28.95%."
IYF,101.05000305175781,127.07107799177614,25.75069188933159,17.78713,,ETF,,34445.0,Forecasted to reach 127.07 in 3 years based on historical performance. Expected growth of 25.75%.,"Selected based on forecasted value of 127.07. Current Value: 101.05, Expected Growth: 25.75%. PE Ratio: 17.78713, Market Cap: nan. Forecasted to reach 127.07 in 3 years based on historical performance. Expected growth of 25.75%."
BBUS,100.4490966796875,126.7440139709095,26.177355656140293,28.290144,,ETF,,23654.0,Forecasted to reach 126.74 in 3 years based on historical performance. Expected growth of 26.18%.,"Selected based on forecasted value of 126.74. Current Value: 100.45, Expected Growth: 26.18%. PE Ratio: 28.290144, Market Cap: nan. Forecasted to reach 126.74 in 3 years based on historical performance. Expected growth of 26.18%."
VIGI,85.927001953125,123.94411368611651,44.24349839847857,22.262236,,ETF,,45169.0,Forecasted to reach 123.94 in 3 years based on historical performance. Expected growth of 44.24%.,"Selected based on forecasted value of 123.94. Current Value: 85.93, Expected Growth: 44.24%. PE Ratio: 22.262236, Market Cap: nan. Forecasted to reach 123.94 in 3 years based on historical performance. Expected growth of 44.24%."
SPMO,88.55999755859375,123.62503883928838,39.59467281770714,22.670715,,ETF,,704591.0,Forecasted to reach 123.63 in 3 years based on historical performance. Expected growth of 39.59%.,"Selected based on forecasted value of 123.63. Current Value: 88.56, Expected Growth: 39.59%. PE Ratio: 22.670715, Market Cap: nan. Forecasted to reach 123.63 in 3 years based on historical performance. Expected growth of 39.59%."
XLI,127.5,122.59167785598329,-3.8496644266797713,27.384384,,ETF,,902179.0,Forecasted to reach 122.59 in 3 years based on historical performance. Expected growth of -3.85%.,"Selected based on forecasted value of 122.59. Current Value: 127.50, Expected Growth: -3.85%. PE Ratio: 27.384384, Market Cap: nan. Forecasted to reach 122.59 in 3 years based on historical performance. Expected growth of -3.85%."
XMMO,116.58499908447266,122.46428249247118,5.042915858959388,20.61163,,ETF,,37260.0,Forecasted to reach 122.46 in 3 years based on historical performance. Expected growth of 5.04%.,"Selected based on forecasted value of 122.46. Current Value: 116.58, Expected Growth: 5.04%. PE Ratio: 20.61163, Market Cap: nan. Forecasted to reach 122.46 in 3 years based on historical performance. Expected growth of 5.04%."
AZO,3163.409912109375,5040.9078623884725,59.350447853505464,21.897408,53963198464.0,EQUITY,United States,17706.0,Forecasted to reach 5040.91 in 3 years based on historical performance. Expected growth of 59.35%.,"Selected based on forecasted value of 5040.91. Current Value: 3163.41, Expected Growth: 59.35%. PE Ratio: 21.897408, Market Cap: 53963198464.0. Forecasted to reach 5040.91 in 3 years based on historical performance. Expected growth of 59.35%."
BKNG,3664.2099609375,4901.063257933774,33.75497884078186,25.702972,122857873408.0,EQUITY,United States,42141.0,Forecasted to reach 4901.06 in 3 years based on historical performance. Expected growth of 33.75%.,"Selected based on forecasted value of 4901.06. Current Value: 3664.21, Expected Growth: 33.75%. PE Ratio: 25.702972, Market Cap: 122857873408.0. Forecasted to reach 4901.06 in 3 years based on historical performance. Expected growth of 33.75%."
GWW,963.9299926757812,1681.3762705397155,74.42929292742197,26.513863,47160745984.0,EQUITY,United States,18640.0,Forecasted to reach 1681.38 in 3 years based on historical performance. Expected growth of 74.43%.,"Selected based on forecasted value of 1681.38. Current Value: 963.93, Expected Growth: 74.43%. PE Ratio: 26.513863, Market Cap: 47160745984.0. Forecasted to reach 1681.38 in 3 years based on historical performance. Expected growth of 74.43%."
ORLY,1116.739990234375,1564.091602594129,40.058708049477694,28.079767,64727982080.0,EQUITY,United States,39903.0,Forecasted to reach 1564.09 in 3 years based on historical performance. Expected growth of 40.06%.,"Selected based on forecasted value of 1564.09. Current Value: 1116.74, Expected Growth: 40.06%. PE Ratio: 28.079767, Market Cap: 64727982080.0. Forecasted to reach 1564.09 in 3 years based on historical performance. Expected growth of 40.06%."
LMT,558.989990234375,1384.9262494588236,147.75510718504057,20.27032,133158699008.0,EQUITY,United States,224359.0,Forecasted to reach 1384.93 in 3 years based on historical performance. Expected growth of 147.76%.,"Selected based on forecasted value of 1384.93. Current Value: 558.99, Expected Growth: 147.76%. PE Ratio: 20.27032, Market Cap: 133158699008.0. Forecasted to reach 1384.93 in 3 years based on historical performance. Expected growth of 147.76%."
MUSA,518.8400268554688,1234.2353683247998,137.88360659163558,20.931173,10594467840.0,EQUITY,United States,20604.0,Forecasted to reach 1234.24 in 3 years based on historical performance. Expected growth of 137.88%.,"Selected based on forecasted value of 1234.24. Current Value: 518.84, Expected Growth: 137.88%. PE Ratio: 20.931173, Market Cap: 10594467840.0. Forecasted to reach 1234.24 in 3 years based on historical performance. Expected growth of 137.88%."
GS,504.19000244140625,1134.1270516935638,124.94040861616745,16.201717,159430213632.0,EQUITY,United States,380116.0,Forecasted to reach 1134.13 in 3 years based on historical performance. Expected growth of 124.94%.,"Selected based on forecasted value of 1134.13. Current Value: 504.19, Expected Growth: 124.94%. PE Ratio: 16.201717, Market Cap: 159430213632.0. Forecasted to reach 1134.13 in 3 years based on historical performance. Expected growth of 124.94%."
BLK,870.0999755859375,1090.850843487582,25.37074751128316,21.594889,128943939584.0,EQUITY,United States,84994.0,Forecasted to reach 1090.85 in 3 years based on historical performance. Expected growth of 25.37%.,"Selected based on forecasted value of 1090.85. Current Value: 870.10, Expected Growth: 25.37%. PE Ratio: 21.594889, Market Cap: 128943939584.0. Forecasted to reach 1090.85 in 3 years based on historical performance. Expected growth of 25.37%."
UTHR,348.2200012207031,969.6498581257268,178.4589784408045,15.756893,15254697984.0,EQUITY,United States,241111.0,Forecasted to reach 969.65 in 3 years based on historical performance. Expected growth of 178.46%.,"Selected based on forecasted value of 969.65. Current Value: 348.22, Expected Growth: 178.46%. PE Ratio: 15.756893, Market Cap: 15254697984.0. Forecasted to reach 969.65 in 3 years based on historical performance. Expected growth of 178.46%."
URI,719.469970703125,948.6079893655124,31.84816990185913,18.975794,47438286848.0,EQUITY,United States,60579.0,Forecasted to reach 948.61 in 3 years based on historical performance. Expected growth of 31.85%.,"Selected based on forecasted value of 948.61. Current Value: 719.47, Expected Growth: 31.85%. PE Ratio: 18.975794, Market Cap: 47438286848.0. Forecasted to reach 948.61 in 3 years based on historical performance. Expected growth of 31.85%."
CASY,384.2300109863281,866.143855334477,125.4232700644762,28.529806,14208879616.0,EQUITY,United States,35815.0,Forecasted to reach 866.14 in 3 years based on historical performance. Expected growth of 125.42%.,"Selected based on forecasted value of 866.14. Current Value: 384.23, Expected Growth: 125.42%. PE Ratio: 28.529806, Market Cap: 14208879616.0. Forecasted to reach 866.14 in 3 years based on historical performance. Expected growth of 125.42%."
HCA,375.4700012207031,857.6852324524244,128.42976260792477,17.613617,96821624832.0,EQUITY,United States,122340.0,Forecasted to reach 857.69 in 3 years based on historical performance. Expected growth of 128.43%.,"Selected based on forecasted value of 857.69. Current Value: 375.47, Expected Growth: 128.43%. PE Ratio: 17.613617, Market Cap: 96821624832.0. Forecasted to reach 857.69 in 3 years based on historical performance. Expected growth of 128.43%."
WTW,281.32000732421875,825.8569904992775,193.56496836269622,27.118013,28586489856.0,EQUITY,United Kingdom,35629.0,Forecasted to reach 825.86 in 3 years based on historical performance. Expected growth of 193.56%.,"Selected based on forecasted value of 825.86. Current Value: 281.32, Expected Growth: 193.56%. PE Ratio: 27.118013, Market Cap: 28586489856.0. Forecasted to reach 825.86 in 3 years based on historical performance. Expected growth of 193.56%."
MCK,549.4199829101562,745.0419310005199,35.605175307639406,24.59754,71290576896.0,EQUITY,United States,127743.0,Forecasted to reach 745.04 in 3 years based on historical performance. Expected growth of 35.61%.,"Selected based on forecasted value of 745.04. Current Value: 549.42, Expected Growth: 35.61%. PE Ratio: 24.59754, Market Cap: 71290576896.0. Forecasted to reach 745.04 in 3 years based on historical performance. Expected growth of 35.61%."
PH,589.5900268554688,712.7741201484803,20.89317791720529,26.982126,75678515200.0,EQUITY,United States,100536.0,Forecasted to reach 712.77 in 3 years based on historical performance. Expected growth of 20.89%.,"Selected based on forecasted value of 712.77. Current Value: 589.59, Expected Growth: 20.89%. PE Ratio: 26.982126, Market Cap: 75678515200.0. Forecasted to reach 712.77 in 3 years based on historical performance. Expected growth of 20.89%."
ELV,546.3699951171875,685.7434063321349,25.508979713473114,19.121758,126548303872.0,EQUITY,United States,169569.0,Forecasted to reach 685.74 in 3 years based on historical performance. Expected growth of 25.51%.,"Selected based on forecasted value of 685.74. Current Value: 546.37, Expected Growth: 25.51%. PE Ratio: 19.121758, Market Cap: 126548303872.0. Forecasted to reach 685.74 in 3 years based on historical performance. Expected growth of 25.51%."
FSLR,231.14999389648438,643.8194002621368,178.52884155837688,20.495537,24572639232.0,EQUITY,United States,376437.0,Forecasted to reach 643.82 in 3 years based on historical performance. Expected growth of 178.53%.,"Selected based on forecasted value of 643.82. Current Value: 231.15, Expected Growth: 178.53%. PE Ratio: 20.495537, Market Cap: 24572639232.0. Forecasted to reach 643.82 in 3 years based on historical performance. Expected growth of 178.53%."
META,525.3912963867188,627.7792722373275,19.487946708436755,26.877874,1330685280256.0,EQUITY,United States,4295443.0,Forecasted to reach 627.78 in 3 years based on historical performance. Expected growth of 19.49%.,"Selected based on forecasted value of 627.78. Current Value: 525.39, Expected Growth: 19.49%. PE Ratio: 26.877874, Market Cap: 1330685280256.0. Forecasted to reach 627.78 in 3 years based on historical performance. Expected growth of 19.49%."
PGR,236.1300048828125,608.1293420534529,157.5400539864714,20.16267,137955901440.0,EQUITY,United States,341977.0,Forecasted to reach 608.13 in 3 years based on historical performance. Expected growth of 157.54%.,"Selected based on forecasted value of 608.13. Current Value: 236.13, Expected Growth: 157.54%. PE Ratio: 20.16267, Market Cap: 137955901440.0. Forecasted to reach 608.13 in 3 years based on historical performance. Expected growth of 157.54%."
ANF,168.0,543.4207364170343,223.46472405775847,20.800995,8546850816.0,EQUITY,United States,292053.0,Forecasted to reach 543.42 in 3 years based on historical performance. Expected growth of 223.46%.,"Selected based on forecasted value of 543.42. Current Value: 168.00, Expected Growth: 223.46%. PE Ratio: 20.800995, Market Cap: 8546850816.0. Forecasted to reach 543.42 in 3 years based on historical performance. Expected growth of 223.46%."
CRUS,140.10000610351562,527.2165243467308,276.31441925647493,26.139664,7497329664.0,EQUITY,United States,71148.0,Forecasted to reach 527.22 in 3 years based on historical performance. Expected growth of 276.31%.,"Selected based on forecasted value of 527.22. Current Value: 140.10, Expected Growth: 276.31%. PE Ratio: 26.139664, Market Cap: 7497329664.0. Forecasted to reach 527.22 in 3 years based on historical performance. Expected growth of 276.31%."
UHS,226.9149932861328,510.6822979785628,125.05445346866443,16.620869,15091193856.0,EQUITY,United States,55887.0,Forecasted to reach 510.68 in 3 years based on historical performance. Expected growth of 125.05%.,"Selected based on forecasted value of 510.68. Current Value: 226.91, Expected Growth: 125.05%. PE Ratio: 16.620869, Market Cap: 15091193856.0. Forecasted to reach 510.68 in 3 years based on historical performance. Expected growth of 125.05%."
DY,193.49989318847656,479.17475957260444,147.63567135712537,24.863579,5620515328.0,EQUITY,United States,68505.0,Forecasted to reach 479.17 in 3 years based on historical performance. Expected growth of 147.64%.,"Selected based on forecasted value of 479.17. Current Value: 193.50, Expected Growth: 147.64%. PE Ratio: 24.863579, Market Cap: 5620515328.0. Forecasted to reach 479.17 in 3 years based on historical performance. Expected growth of 147.64%."
RGA,209.9600067138672,476.0962185517972,126.75566933116914,16.321928,13823509504.0,EQUITY,United States,22943.0,Forecasted to reach 476.10 in 3 years based on historical performance. Expected growth of 126.76%.,"Selected based on forecasted value of 476.10. Current Value: 209.96, Expected Growth: 126.76%. PE Ratio: 16.321928, Market Cap: 13823509504.0. Forecasted to reach 476.10 in 3 years based on historical performance. Expected growth of 126.76%."
COR,238.1699981689453,473.7625764223675,98.91782343060068,25.886536,46731247616.0,EQUITY,United States,127660.0,Forecasted to reach 473.76 in 3 years based on historical performance. Expected growth of 98.92%.,"Selected based on forecasted value of 473.76. Current Value: 238.17, Expected Growth: 98.92%. PE Ratio: 25.886536, Market Cap: 46731247616.0. Forecasted to reach 473.76 in 3 years based on historical performance. Expected growth of 98.92%."
AXP,253.3800048828125,468.8094403505467,85.02227141694534,18.92681,180166426624.0,EQUITY,United States,410129.0,Forecasted to reach 468.81 in 3 years based on historical performance. Expected growth of 85.02%.,"Selected based on forecasted value of 468.81. Current Value: 253.38, Expected Growth: 85.02%. PE Ratio: 18.92681, Market Cap: 180166426624.0. Forecasted to reach 468.81 in 3 years based on historical performance. Expected growth of 85.02%."
DKS,228.27000427246094,455.0760061888405,99.35865320511671,18.880894,18601768960.0,EQUITY,United States,168397.0,Forecasted to reach 455.08 in 3 years based on historical performance. Expected growth of 99.36%.,"Selected based on forecasted value of 455.08. Current Value: 228.27, Expected Growth: 99.36%. PE Ratio: 18.880894, Market Cap: 18601768960.0. Forecasted to reach 455.08 in 3 years based on historical performance. Expected growth of 99.36%."
FDX,287.8450012207031,452.3897803832727,57.16436917951061,16.750145,70615482368.0,EQUITY,United States,238053.0,Forecasted to reach 452.39 in 3 years based on historical performance. Expected growth of 57.16%.,"Selected based on forecasted value of 452.39. Current Value: 287.85, Expected Growth: 57.16%. PE Ratio: 16.750145, Market Cap: 70615482368.0. Forecasted to reach 452.39 in 3 years based on historical performance. Expected growth of 57.16%."
HUM,356.610107421875,449.30745185135913,25.994031717060057,25.150812,42970271744.0,EQUITY,United States,172447.0,Forecasted to reach 449.31 in 3 years based on historical performance. Expected growth of 25.99%.,"Selected based on forecasted value of 449.31. Current Value: 356.61, Expected Growth: 25.99%. PE Ratio: 25.150812, Market Cap: 42970271744.0. Forecasted to reach 449.31 in 3 years based on historical performance. Expected growth of 25.99%."
TMUS,197.55999755859375,449.2051235090517,127.37655854435978,24.724312,230205702144.0,EQUITY,United States,676682.0,Forecasted to reach 449.21 in 3 years based on historical performance. Expected growth of 127.38%.,"Selected based on forecasted value of 449.21. Current Value: 197.56, Expected Growth: 127.38%. PE Ratio: 24.724312, Market Cap: 230205702144.0. Forecasted to reach 449.21 in 3 years based on historical performance. Expected growth of 127.38%."
IESC,168.64010620117188,448.92578316064964,166.2034514050431,20.010601,3394096384.0,EQUITY,United States,25606.0,Forecasted to reach 448.93 in 3 years based on historical performance. Expected growth of 166.20%.,"Selected based on forecasted value of 448.93. Current Value: 168.64, Expected Growth: 166.20%. PE Ratio: 20.010601, Market Cap: 3394096384.0. Forecasted to reach 448.93 in 3 years based on historical performance. Expected growth of 166.20%."
AGYS,108.94000244140625,442.2514520774761,305.9587315645073,29.789255,3014998528.0,EQUITY,United States,17723.0,Forecasted to reach 442.25 in 3 years based on historical performance. Expected growth of 305.96%.,"Selected based on forecasted value of 442.25. Current Value: 108.94, Expected Growth: 305.96%. PE Ratio: 29.789255, Market Cap: 3014998528.0. Forecasted to reach 442.25 in 3 years based on historical performance. Expected growth of 305.96%."
CHKP,186.11500549316406,433.6843223985475,133.0195360924171,25.77939,20688734208.0,EQUITY,Israel,51380.0,Forecasted to reach 433.68 in 3 years based on historical performance. Expected growth of 133.02%.,"Selected based on forecasted value of 433.68. Current Value: 186.12, Expected Growth: 133.02%. PE Ratio: 25.77939, Market Cap: 20688734208.0. Forecasted to reach 433.68 in 3 years based on historical performance. Expected growth of 133.02%."
LNTH,96.47000122070312,428.87634730410815,344.5696505413419,15.795231,6667767808.0,EQUITY,United States,108972.0,Forecasted to reach 428.88 in 3 years based on historical performance. Expected growth of 344.57%.,"Selected based on forecasted value of 428.88. Current Value: 96.47, Expected Growth: 344.57%. PE Ratio: 15.795231, Market Cap: 6667767808.0. Forecasted to reach 428.88 in 3 years based on historical performance. Expected growth of 344.57%."
AON,333.9100036621094,424.0788980003104,27.003951169263214,26.806828,72503427072.0,EQUITY,Ireland,52085.0,Forecasted to reach 424.08 in 3 years based on historical performance. Expected growth of 27.00%.,"Selected based on forecasted value of 424.08. Current Value: 333.91, Expected Growth: 27.00%. PE Ratio: 26.806828, Market Cap: 72503427072.0. Forecasted to reach 424.08 in 3 years based on historical performance. Expected growth of 27.00%."
GRMN,174.6999969482422,423.5411118724904,142.43910662343717,24.422411,33517510656.0,EQUITY,Switzerland,131473.0,Forecasted to reach 423.54 in 3 years based on historical performance. Expected growth of 142.44%.,"Selected based on forecasted value of 423.54. Current Value: 174.70, Expected Growth: 142.44%. PE Ratio: 24.422411, Market Cap: 33517510656.0. Forecasted to reach 423.54 in 3 years based on historical performance. Expected growth of 142.44%."
FIX,327.8299865722656,417.7121108854833,27.417297988207185,27.66891,11731105792.0,EQUITY,United States,32928.0,Forecasted to reach 417.71 in 3 years based on historical performance. Expected growth of 27.42%.,"Selected based on forecasted value of 417.71. Current Value: 327.83, Expected Growth: 27.42%. PE Ratio: 27.66891, Market Cap: 11731105792.0. Forecasted to reach 417.71 in 3 years based on historical performance. Expected growth of 27.42%."
GD,295.30999755859375,410.71088134392727,39.07787908956124,23.059258,81166417920.0,EQUITY,United States,111528.0,Forecasted to reach 410.71 in 3 years based on historical performance. Expected growth of 39.08%.,"Selected based on forecasted value of 410.71. Current Value: 295.31, Expected Growth: 39.08%. PE Ratio: 23.059258, Market Cap: 81166417920.0. Forecasted to reach 410.71 in 3 years based on historical performance. Expected growth of 39.08%."
TSCO,262.8299865722656,410.61111272793204,56.22688951248479,25.34923,28383031296.0,EQUITY,United States,136166.0,Forecasted to reach 410.61 in 3 years based on historical performance. Expected growth of 56.23%.,"Selected based on forecasted value of 410.61. Current Value: 262.83, Expected Growth: 56.23%. PE Ratio: 25.34923, Market Cap: 28383031296.0. Forecasted to reach 410.61 in 3 years based on historical performance. Expected growth of 56.23%."
CBOE,203.9499969482422,390.0295538629363,91.23783265459761,28.295013,21375678464.0,EQUITY,United States,125125.0,Forecasted to reach 390.03 in 3 years based on historical performance. Expected growth of 91.24%.,"Selected based on forecasted value of 390.03. Current Value: 203.95, Expected Growth: 91.24%. PE Ratio: 28.295013, Market Cap: 21375678464.0. Forecasted to reach 390.03 in 3 years based on historical performance. Expected growth of 91.24%."
